Address,Phone
"1050 Brentwood Road, Washington DC 20018",(202) 281-3900
"1345 Park Road, NW, Washington DC 20010",(202) 777-1077
"1400 7th Street NW, Washington DC 20001",(202) 238-0180
"1535 Alabama Avenue SE, Washington DC 20032",(202) 610-6464
"300 H Street NE, Washington DC 20002",(202) 548-5100
"3336 Wisconsin Ave NW, Washington DC 20016",(202) 237-5820
"4303 Conn Ave NW, Washington DC 20008",(202) 364-8250
"300 Eden Square Sc, Bear DE 19701",(302) 832-0166
"200 Dove Run Drive, Middletown DE 19709",(302) 828-9180
"25939 John J Williams Hwy, Millsboro DE 19966",(302) 947-4370
"38069 Town Center Drive, Millville DE 19967",(302) 537-8200
"19312 Lighthouse Plaza Blvd, Rehoboth Beach DE 19971",(302) 227-5950
"4301 Concord Pike, Wilmington DE 19803",(302) 475-5862
"3299 Emmorton Road, Abingdon MD 21009",(410) 420-3160
"7025 Berry Road, Accokeek MD 20607",(301) 893-3100
"2323 Forest Drive, Annapolis MD 21401",(410) 266-9316
"948 Bay Ridge Rd, Annapolis MD 21403",(410) 267-0228
"1020 W 41st Street, Baltimore MD 21211",(410) 554-3730
"1955 Joppa Road, Baltimore MD 21234",(410) 882-0993
"4622 Wilkens Ave, Baltimore MD 21229",(410) 242-4669
"5150 Sinclair Lane, Baltimore MD 21206",(410) 483-6674
"601 East 33rd St, Baltimore MD 21218",(410) 649-4180
"6340-50 York Rd, Baltimore MD 21212",(410) 377-2673
"6620 Reisterstown Road, Baltimore MD 21215",(410) 649-8180
"7920-30 Belair Road, Baltimore MD 21236",(410) 661-8885
"7944 Honeygo Blvd, Baltimore MD 21236",(410) 931-6818
"8665 Philadelphia Rd, Baltimore MD 21237",(410) 687-1007
"857 East Fort Avenue, Baltimore City MD 21230",(410) 244-7134
"1401 Rock Spring Road, Bel Air MD 21014",(410) 420-2960
"10400 Old Georgetown Rd, Bethesda MD 20814",(301) 897-9139
"5320 Zenith Overlook, Bethesda MD 20816",(301) 652-1484
"7142 Arlington Road, Bethesda MD 20814",(301) 492-5160
"15520 Annapolis Road, Bowie MD 20715",(301) 809-3150
"3500 NW Crain Hwy, Bowie MD 20716",(301) 352-2360
"15618 Columbia Pike, Burtonsville MD 20866",(301) 476-7181
"45101 First Colony Way, California MD 20619",(240) 725-5198
"7074 Allentown Rd, Camp Springs MD 20748",(301) 248-9578
"6223 Baltimore National Pike, Catonsville MD 21228",(410) 788-8023
"6050 Daybreak Circle, Clarksville MD 21029",(410) 531-7831
"11399 York Rd, Cockeysville MD 21030",(410) 785-1062
"13490 New Hampshire Ave, Colesville MD 20904",(301) 384-1572
"6480 Freetown Rd, Columbia MD 21044",(410) 531-3752
"7200 Cradlerock Way, Columbia MD 21045",(410) 995-6893
"8805 Centre Park Drive, Columbia MD 21045",(443) 364-5180
"1649 Crofton Center, Crofton MD 21114",(410) 721-6623
"16837 Crabbs Branch Way, Derwood MD 20855",(301) 216-0912
"5500 Silver Hill Road, District Heights MD 20747",(301) 817-3180
"1400 Merritt Boulevard, Dundalk MD 21222",(410) 631-1250
"10790 Town Center Blvd, Dunkirk MD 20754",(410) 286-2900
"8223 Elliott Road, Easton MD 21601",(410) 819-3212
"13 Lee Airpark Drive, Edgewater MD 21037",(410) 956-7472
"6020 Marshalee Drive, Elkridge MD 21075",(410) 379-6405
"4715 Dorsey Hall Dr, Ellicott City MD 21043",(410) 995-0557
"9200 Baltimore National Pike, Ellicott City MD 21043",(410) 461-3120
"9580 Livingston Rd, Fort Washington MD 20744",(301) 248-0167
"9580 Livingston Road, Fort Washington MD 20744",(301) 248-0167
"1700 Kingfisher Dr, Frederick MD 21701",(301) 815-2200
"3530 Sugarloaf Parkway, Frederick MD 21704",(301) 874-1200
"5316 New Design Road, Frederick MD 21701",(301) 698-9411
"18250 Flower Hill Way, Gaithersburg MD 20879",(301) 926-0340
"20044 Goshen Rd, Gaithersburg MD 20879",(301) 990-0322
"229 Kentlands Blvd, Gaithersburg MD 20878",(301) 208-8203
"46 Bureau Dr, Gaithersburg MD 20878",(301) 216-0911
"842 Muddy Branch Rd, Gaithersburg MD 20878",(301) 948-8148
"1161 MD Route 3 N, Gambrills MD 21054",(410) 721-6623
"13060 Middlebrook Rd, Germantown MD 20874",(301) 428-4961
"18331 Leaman Farm Road, Germantown MD 20874",(301) 528-2760
"20944 Frederick Road, Germantown MD 20876",(301) 515-9282
"6636 N Ritchie Highway, Glen Burnie MD 21061",(410) 487-0100
"7940 Crain Hwy, Glen Burnie MD 21061",(410) 969-7590
"6000 Greenbelt Rd, Greenbelt MD 20770",(301) 982-5482
"3521 East-West Highway, Hyattsville MD 20782",(301) 853-3700
"5815 Eastern Avenue, Hyattsville MD 20782",(301) 559-8413
"200 Rosewick Road, La Plata MD 20646",(301) 392-5429
"10501 Greenbelt Rd, Lanham MD 20706",(301) 666-1180
"7546 Annapolis Rd, Lanham MD 20784",(301) 306-0498
"10480 Campus Way South, Largo MD 20774",(301) 336-9402
"1009 Fairlawn St, Laurel MD 20707",(301) 725-0046
"11740 Rousby Hall Road, Lusby MD 20657",(410) 394-2160
"4119 Branch Ave, Marlow Heights MD 20748",(301) 630-7724
"8905 Belair Rd, Nottingham MD 21236",(410) 256-9860
"1155 Annapolis Road, Odenton MD 21113",(410) 305-2370
"18140 Village Center, Olney MD 20832",(301) 570-1665
"10210 Mill Run Circle, Owings Mills MD 21117",(410) 413-2961
"20 Audrey Lane, Oxon Hill MD 20745",(301) 839-3714
"7709 Harford Rd, Parkville MD 21234",(410) 665-3462
"4315 Mountain Rd, Pasadena MD 21122",(410) 439-2103
"3757 Old Court Rd, Pikesville MD 21208",(410) 602-7660
"7919 Tuckerman La, Potomac MD 20854",(301) 469-9549
"9812 Falls Road, Potomac MD 20854",(301) 983-4246
"655 Solomon's Island Rd North, Prince Frederick MD 20678",(410) 535-5641
"11604 Reisterstown Road, Reisterstown MD 21136",(410) 526-1660
"12051 Rockville Pike, Rockville MD 20852",(301) 881-4541
"625 Hungerford Drive, Rockville MD 20850",(240) 314-5160
"9719 Traville Gateway Drive, Rockville MD 20850",(301) 315-1460
"573 Gov Ritchie Hwy, Severna Park MD 21146",(410) 544-4619
"11221 New Hampshire Ave, Silver Spring MD 20904",(301) 593-1225
"12028 Cherry Hill Road, Silver Spring MD 20904",(301) 572-6442
"1280 East West Hwy, Silver Spring MD 20910",(301) 585-1670
"13781 Connecticut Avenue, Silver Spring MD 20906",(301) 460-7527
"3860 International Dr, Silver Spring MD 20906",(301) 598-4666
"8750 Arliss St, Silver Spring MD 20901",(301) 587-3450
"2145 York Road, Timonium MD 21093",(410) 308-3868
"8100 Loch Raven Blvd, Towson MD 21286",(410) 828-0006
"5700 Southeast Crain Hwy, Upper Marlboro MD 20772",(301) 952-7515
"3297 Crain Highway, Waldorf MD 20603",(301) 542-4180
"405 N Center St, Westminster MD 21157",(410) 857-3579
"2900 University Boulevard West, Wheaton MD 20902",(301) 692-4180
"3131 Duke Street, Alexandria VA 22314",(703) 461-6198
"5870 Kingstowne Blvd, Alexandria VA 22315",(703) 313-0855
"6200 Little River Turnpike, Alexandria VA 22312",(703) 370-4856
"621 East Glebe Road, Alexandria VA 22305",(703) 518-4797
"6800 Richmond Hwy, Alexandria VA 22306",(703) 768-6720
"6980 Braddock Road, Annandale VA 22003",(703) 333-6360
"7137 Columbia Pike, Annandale VA 22003",(703) 354-5081
"2501 9th Road South, Arlington VA 22204",(703) 271-2479
"2901-11 S Glebe Rd, Arlington VA 22206",(703) 836-0245
"3115 Lee Hwy, Arlington VA 22201",(703) 527-9453
"3450 Washington Blvd, Arlington VA 22201",(703) 358-9343
"43330 Junction Plaza, Ashburn VA 20147",(703) 723-2160
"43670 Greenway Corp Drive, Ashburn VA 20147",(571) 223-3848
"44110 Ashburn Shopping Plz, Ashburn VA 20147",(703) 729-3877
"6011 Burke Ctr Parkway, Burke VA 22015",(703) 425-0360
"14125 St Germain Dr, Centreville VA 20121",(703) 631-3310
"5615 Stone Rd, Centreville VA 20120",(703) 803-9698
"25050 Riding Plaza, Chantilly VA 20152",(703) 542-2950
"1900 Abbey Road, Charlottesville VA 22911",(434) 244-4300
"5740 Union Mill Rd, Clifton VA 20124",(703) 818-0776
"4309 Dale Blvd, Dale City VA 22193",(703) 670-5407
"5469 Mapledale Plaza, Dale City VA 22193",(703) 590-1200
"10653 Braddock Road, Fairfax VA 22032",(703) 259-5514
"13043 Lee Jackson Mem Hwy, Fairfax VA 22033",(703) 968-8324
"9400 Fairfax Boulevard, Fairfax VA 22031",(703) 359-2584
"1230 W Broad St, Falls Church VA 22046",(703) 237-9609
"3480 S Jefferson St, Falls Church VA 22041",(703) 845-0446
"6360 Seven Corners Center, Falls Church VA 22044",(703) 534-6687
"7235 Arlington Blvd, Falls Church VA 22042",(703) 280-3340
"35 Town And Country Rd, Falmouth VA 22405",(540) 899-1060
"1245 Jefferson Davis Hwy, Fredericksburg VA 22401",(540) 373-2734
"550 Celebrate Virginia Parkway, Fredericksburg VA 22406",(540) 286-1721
"5701 Plank Road, Fredericksburg VA 22407",(540) 785-1020
"7575 Linton Hall Road, Gainesville VA 20155",(703) 754-2040
"5581 Merchants View Square, Haymarket VA 20169",(571) 248-4550
"13330 Franklin Farm Rd, Herndon VA 20171",(703) 689-3564
"2425 Centreville Road, Herndon VA 20171",(703) 437-3162
"2551 John Milton Dr, Herndon VA 20171",(703) 715-9852
"12445 Hedges Run Dr, Lake Ridge VA 22192",(703) 491-7615
"61 Catoctin Circle NE, Leesburg VA 20176",(703) 771-1899
"635 Potomac Station Dr, Leesburg VA 20176",(571) 258-1900
"8941 Ox Rd, Lorton VA 22079",(703) 690-5000
"10100 Dumfries Road, Manassas VA 20110",(703) 331-2310
"10864 Sudley Manor Drive, Manassas VA 20109",(703) 361-2541
"1454 Chain Bridge Rd, McLean VA 22101",(703) 893-0377
"2932 Chain Bridge Road, Oakton VA 22124",(703) 242-2368
"1000 East Main Street, Purcellville VA 20132",(703) 443-6360
"1450 North Point Village Ctr, Reston VA 20194",(703) 437-0031
"10346 Courthouse Road, Spotsylvania VA 22553",(540) 710-9310
"6364A Springfield Plaza, Springfield VA 22150",(703) 569-9277
"7501 Huntsman Blvd, Springfield VA 22153",(703) 866-3009
"8074 Rolling Road, Springfield VA 22153",(703) 912-6483
"8320 Old Keene Mill Rd, Springfield VA 22152",(703) 912-6384
"8970 Burke Lake Road, Springfield VA 22151",(571) 328-7996
"317 Worth Avenue, Stafford VA 22554",(540) 657-5006
"21000 Southbank Street, Sterling VA 20165",(703) 430-1100
"21800 Town Center Plaza, Sterling VA 20164",(703) 430-6115
"359 Maple Avenue East, Vienna VA 22180",(703) 281-9257
"41 West Lee Hwy, Warrenton VA 20186",(540) 347-7464
